Frame, Time_def, Emg1, Emg2, Emg3, Emg4, AccX, AccY, AccZ
3208, 0.00599246, -1, -1, 2, 0, -0.246094, 0.00244141, 1.03223
3209, 0.00555116, 1, -1, -3, 1, -0.249023, 0.000488281, 1.03076
3210, 0.00462163, 1, -1, -3, 1, -0.249023, 0.000488281, 1.03076
3211, 0.00492145, 1, -1, -3, 1, -0.249023, 0.000488281, 1.03076
3212, 0.00500099, 0, 0, 3, 1, -0.249023, 0.000488281, 1.03076
3213, 0.00503837, 0, 0, 3, 1, -0.249023, 0.000488281, 1.03076
3214, 0.00489066, 0, 0, 3, 1, -0.250488, 0, 1.03613
3215, 0.00509812, 0, -5, -2, -4, -0.250488, 0, 1.03613
3216, 0.00499219, 0, -5, -2, -4, -0.250488, 0, 1.03613
3217, 0.00491742, 0, 0, -1, -5, -0.250488, 0, 1.03613
3218, 0.00512268, -1, 0, 4, 0, -0.25, 0.000488281, 1.03516
3219, 0.00495847, -1, 0, 4, 0, -0.25, 0.000488281, 1.03516
3220, 0.00498303, -1, 0, 4, 0, -0.25, 0.000488281, 1.03516
3221, 0.00498413, -1, 0, -5, -1, -0.25, 0.000488281, 1.03516
3222, 0.00501602, -1, 0, -5, -1, -0.25, 0.000488281, 1.03516
3223, 0.00490716, 0, -2, -2, -2, -0.258789, -0.00683594, 1.03516
3224, 0.00507576, -1, 0, -4, -6, -0.258789, -0.00683594, 1.03516
3225, 0.00495004, -1, 0, -4, -6, -0.258789, -0.00683594, 1.03516
3226, 0.0050457, -1, 0, -4, -6, -0.242676, -0.000976562, 1.04346
3227, 0.00504204, -1, 0, 0, 0, -0.242676, -0.000976562, 1.04346
3228, 0.00500062, -1, 0, 0, 0, -0.242676, -0.000976562, 1.04346
3229, 0.00485914, -2, -6, -1, 2, -0.242676, -0.000976562, 1.04346
3230, 0.00513477, 0, -2, 3, 0, -0.245117, -0.00585938, 1.04053
3231, 0.00507173, 0, -2, 3, 0, -0.245117, -0.00585938, 1.04053
3232, 0.00492402, 0, -2, 3, 0, -0.245117, -0.00585938, 1.04053
3233, 0.00497826, 0, 0, 0, 0, -0.245117, -0.00585938, 1.04053
3234, 0.00504094, 0, 0, 0, 0, -0.245117, -0.00585938, 1.04053
3235, 0.00495004, -1, -1, 1, 4, -0.241211, -0.00146484, 1.0376
3236, 0.00505487, 1, 0, 1, 2, -0.241211, -0.00146484, 1.0376
3237, 0.00498853, 1, 0, 1, 2, -0.241211, -0.00146484, 1.0376
3238, 0.00496837, 1, 0, 1, 2, -0.240234, -0.00292969, 1.03711
3239, 0.00500099, -1, 0, -4, -5, -0.240234, -0.00292969, 1.03711
3240, 0.00502628, -1, 0, -4, -5, -0.240234, -0.00292969, 1.03711
3241, 0.00499879, -1, -3, -1, 0, -0.240234, -0.00292969, 1.03711
3242, 0.00486904, 1, 0, -4, -2, -0.24707, -0.00390625, 1.04004
3243, 0.00513551, 1, 0, -4, -2, -0.24707, -0.00390625, 1.04004
3244, 0.00499659, 1, 0, -4, -2, -0.24707, -0.00390625, 1.04004
3245, 0.00496177, 0, -3, -2, -1, -0.24707, -0.00390625, 1.04004
3246, 0.00500209, 0, -3, -2, -1, -0.24707, -0.00390625, 1.04004
3247, 0.0049801, -2, 0, -2, -2, -0.239746, -0.00439453, 1.03809
3248, 0.00511938, -1, 1, 1, 1, -0.239746, -0.00439453, 1.03809
3249, 0.00491339, -1, 1, 1, 1, -0.239746, -0.00439453, 1.03809
3250, 0.00499659, -1, 1, 1, 1, -0.240234, 0, 1.0376
3251, 0.00499036, -1, 2, 0, -1, -0.240234, 0, 1.0376
3252, 0.00502261, -1, 2, 0, -1, -0.240234, 0, 1.0376
3253, 0.00488296, 0, 0, 2, 0, -0.240234, 0, 1.0376
3254, 0.00514833, -3, -5, -4, -1, -0.241211, -0.00439453, 1.03076
3255, 0.00496873, -3, -5, -4, -1, -0.241211, -0.00439453, 1.03076
3256, 0.00499549, -3, -5, -4, -1, -0.241211, -0.00439453, 1.03076
3257, 0.00505047, -1, 0, 0, 0, -0.241211, -0.00439453, 1.03076
3258, 0.00599136, -1, 0, 0, 0, -0.241211, -0.00439453, 1.03076
3259, 0.00481992, 1, 2, 1, 0, -0.239746, -0.00390625, 1.03467
3260, 0.0051564, 0, -1, -4, -2, -0.239746, -0.00390625, 1.03467
3261, 0.00499696, 0, -1, -4, -2, -0.242188, -0.000488281, 1.03516
3262, 0.00500795, 0, -1, -4, -2, -0.242188, -0.000488281, 1.03516
3263, 0.00500209, 1, 1, 6, 10, -0.242188, -0.000488281, 1.03516
3264, 0.00493758, -1, 0, -1, -1, -0.242188, -0.000488281, 1.03516
3265, 0.00510875, -1, 0, -1, -1, -0.242188, -0.000488281, 1.03516
3266, 0.00480013, -1, -1, -3, -6, -0.244629, -0.00488281, 1.03271
3267, 0.005163, -1, -1, -3, -6, -0.244629, -0.00488281, 1.03271
3268, 0.00495077, -1, -1, -3, -6, -0.244629, -0.00488281, 1.03271
3269, 0.0050688, -1, -1, -3, -6, -0.244629, -0.00488281, 1.03271
3270, 0.00494564, -1, -1, -3, -6, -0.244629, -0.00488281, 1.03271
3271, 0.00499879, 0, -4, -5, -1, -0.242676, -0.00292969, 1.03467
3272, 0.00503618, -1, 1, -6, -6, -0.242676, -0.00292969, 1.03467
3273, 0.00502188, -1, 1, -6, -6, -0.240723, -0.00976562, 1.03613
3274, 0.00489653, -1, 1, -6, -6, -0.240723, -0.00976562, 1.03613
3275, 0.00504717, -1, 1, -3, -3, -0.240723, -0.00976562, 1.03613
3276, 0.00501638, 0, -1, 0, 1, -0.240723, -0.00976562, 1.03613
3277, 0.00498633, 0, -1, 0, 1, -0.240723, -0.00976562, 1.03613
3278, 0.00499806, -3, 0, 4, 3, -0.237793, -0.0078125, 1.02344
3279, 0.00500722, -3, 0, 4, 3, -0.237793, -0.0078125, 1.02344
3280, 0.0049658, -3, 0, 4, 3, -0.237793, -0.0078125, 1.02344
3281, 0.00509409, 0, 0, 0, -1, -0.237793, -0.0078125, 1.02344
3282, 0.00494784, 0, 0, 0, -1, -0.237793, -0.0078125, 1.02344
3283, 0.00498376, 0, 0, 0, -1, -0.237793, -0.0078125, 1.02344
3284, 0.00503434, 0, 0, -1, -1, -0.244141, -0.0102539, 1.01953
3285, 0.00498853, 0, 0, -1, -1, -0.237305, -0.00927734, 1.02686
3286, 0.00497313, 0, 0, -1, -1, -0.237305, -0.00927734, 1.02686
3287, 0.00500465, 2, -2, -3, 2, -0.237305, -0.00927734, 1.02686
3288, 0.00500465, -1, 3, -1, -2, -0.237305, -0.00927734, 1.02686
3289, 0.00502921, -1, 3, -1, -2, -0.237305, -0.00927734, 1.02686
3290, 0.00484484, 0, 0, 0, -1, -0.229004, -0.00195312, 1.03271
3291, 0.00516959, 0, 0, 0, -1, -0.229004, -0.00195312, 1.03271
3292, 0.0049724, 0, 0, 0, -1, -0.229004, -0.00195312, 1.03271
3293, 0.00501492, 0, 2, 1, -2, -0.229004, -0.00195312, 1.03271
3294, 0.00497167, 0, 2, 1, -2, -0.211426, -0.00537109, 1.04492
3295, 0.00488186, 1, 3, -2, -1, -0.211426, -0.00537109, 1.04492
3296, 0.00509702, -2, -1, 0, -6, -0.211426, -0.00537109, 1.04492
3297, 0.00507283, -2, -1, 0, -6, -0.187012, 0.00927734, 1.06055
3298, 0.00516666, -2, -1, 0, -6, -0.187012, 0.00927734, 1.06055
3299, 0.00475394, -1, -1, 1, -1, -0.187012, 0.00927734, 1.06055
3300, 0.00501198, -2, -5, 2, 7, -0.187012, 0.00927734, 1.06055
3301, 0.00500209, -2, -5, 2, 7, -0.187012, 0.00927734, 1.06055
3302, 0.00499402, 3, 0, 2, -6, -0.144531, 0.0151367, 1.08691
3303, 0.00502261, 3, 0, 2, -6, -0.144531, 0.0151367, 1.08691
3304, 0.0049658, 3, 0, 2, -6, -0.144531, 0.0151367, 1.08691
3305, 0.00501235, 1, 0, 6, 5, -0.144531, 0.0151367, 1.08691
3306, 0.00501675, 1, 0, 6, 5, -0.144531, 0.0151367, 1.08691
3307, 0.00492328, 0, 13, 13, 2, -0.118164, 0.0131836, 1.14404
3308, 0.00508859, 3, -6, -6, -3, -0.118164, 0.0131836, 1.14404
3309, 0.00500502, 3, -6, -6, -3, -0.027832, 0.0458984, 1.229
3310, 0.00498559, 3, -6, -6, -3, -0.027832, 0.0458984, 1.229
3311, 0.00500245, -2, 6, 2, -1, -0.027832, 0.0458984, 1.229
3312, 0.0049757, 0, -5, -3, -1, -0.027832, 0.0458984, 1.229
3313, 0.00503214, 0, -5, -3, -1, -0.027832, 0.0458984, 1.229
3314, 0.00505523, -5, -13, 7, -1, 0.0961914, 0.109375, 1.32861
3315, 0.00498669, -5, -13, 7, -1, 0.0961914, 0.109375, 1.32861
3316, 0.00495334, -5, -13, 7, -1, 0.0961914, 0.109375, 1.32861
3317, 0.00501712, -5, -8, -5, -4, 0.0961914, 0.109375, 1.32861
3318, 0.00498376, -5, -8, -5, -4, 0.17334, 0.208008, 1.45459
3319, 0.00499622, -6, -10, -13, -7, 0.17334, 0.208008, 1.45459
3320, 0.00499182, -6, 1, -15, -8, 0.17334, 0.208008, 1.45459
3321, 0.0050611, -6, 1, -15, -8, 0.195312, 0.294434, 1.54346
3322, 0.00493611, -6, 1, -15, -8, 0.195312, 0.294434, 1.54346
3323, 0.00501052, -1, 3, -11, -1, 0.195312, 0.294434, 1.54346
3324, 0.00509629, -4, -21, -30, -7, 0.195312, 0.294434, 1.54346
3325, 0.00493098, -4, -21, -30, -7, 0.195312, 0.294434, 1.54346
3326, 0.00495334, 5, 11, 18, 4, 0.248047, 0.390137, 1.5791
3327, 0.00502078, 5, 11, 18, 4, 0.248047, 0.390137, 1.5791
3328, 0.0049592, 5, 11, 18, 4, 0.248047, 0.390137, 1.5791
3329, 0.00502225, 2, 6, 16, 4, 0.248047, 0.390137, 1.5791
3330, 0.00496653, 2, 6, 16, 4, 0.248047, 0.390137, 1.5791
3331, 0.0049658, -2, -2, 4, 1, 0.304688, 0.423828, 1.6333
3332, 0.00507833, -4, -2, -1, -1, 0.304688, 0.423828, 1.6333
3333, 0.00502005, -4, -2, -1, -1, 0.3125, 0.443848, 1.60791
3334, 0.00500245, -4, -2, -1, -1, 0.3125, 0.443848, 1.60791
3335, 0.00498596, -1, -2, -12, -6, 0.3125, 0.443848, 1.60791
3336, 0.00490825, 2, -4, -1, 3, 0.3125, 0.443848, 1.60791
3337, 0.00508859, 2, -4, -1, 3, 0.3125, 0.443848, 1.60791
3338, 0.00502335, 2, -4, -1, 3, 0.299805, 0.506836, 1.62061
3339, 0.00601995, 0, -5, -5, 0, 0.299805, 0.506836, 1.62061
3340, 0.00492731, 0, -5, -5, 0, 0.299805, 0.506836, 1.62061
3341, 0.00506586, -1, 2, 12, 3, 0.299805, 0.506836, 1.62061
3342, 0.00496177, 6, 16, -4, 2, 0.273926, 0.490234, 1.60986
3343, 0.00500649, 6, 16, -4, 2, 0.273926, 0.490234, 1.60986
3344, 0.00499989, 6, 16, -4, 2, 0.273926, 0.490234, 1.60986
3345, 0.00504167, -2, -1, -15, -2, 0.212891, 0.42334, 1.58789
3346, 0.00497423, -2, -1, -15, -2, 0.212891, 0.42334, 1.58789
3347, 0.00496653, -1, -10, -4, -3, 0.212891, 0.42334, 1.58789
3348, 0.00499586, 1, 4, 12, 3, 0.212891, 0.42334, 1.58789
3349, 0.0050589, 1, 4, 12, 3, 0.212891, 0.42334, 1.58789
3350, 0.00496397, 1, 4, 12, 3, 0.105469, 0.335938, 1.46973
3351, 0.00498669, 0, 4, -4, -3, 0.105469, 0.335938, 1.46973
3352, 0.00501308, 0, 4, -4, -3, 0.105469, 0.335938, 1.46973
3353, 0.00498376, 2, 20, 22, 14, 0.105469, 0.335938, 1.46973
3354, 0.00501088, -8, 19, -2, -10, 0.0385742, 0.227539, 1.34619
3355, 0.00496837, -8, 19, -2, -10, 0.0385742, 0.227539, 1.34619
3356, 0.00501785, -8, 19, -2, -10, 0.0385742, 0.227539, 1.34619
3357, 0.00499366, -13, -58, -33, -21, -0.09375, 0.169922, 1.14648
3358, 0.00502518, -13, -58, -33, -21, -0.09375, 0.169922, 1.14648
3359, 0.00503911, 2, 6, -14, 1, -0.09375, 0.169922, 1.14648
3360, 0.00499696, 9, 70, 16, 5, -0.09375, 0.169922, 1.14648
3361, 0.0048837, 9, 70, 16, 5, -0.09375, 0.169922, 1.14648
3362, 0.00510472, 9, 70, 16, 5, -0.293945, 0.139648, 1.00635
3363, 0.00489139, -10, -14, 0, -9, -0.293945, 0.139648, 1.00635
3364, 0.00515823, -10, -14, 0, -9, -0.293945, 0.139648, 1.00635
3365, 0.00491705, 12, -11, 21, 7, -0.293945, 0.139648, 1.00635
3366, 0.00555812, -19, -31, -57, -36, -0.396973, 0.0986328, 0.874512
3367, 0.00441087, -19, -31, -57, -36, -0.396973, 0.0986328, 0.874512
3368, 0.00504167, -19, -31, -57, -36, -0.396973, 0.0986328, 0.874512
3369, 0.00498266, -26, -57, -54, -25, -0.430176, 0.111328, 0.82373
3370, 0.00497386, -26, -57, -54, -25, -0.430176, 0.111328, 0.82373
3371, 0.00499879, 5, -29, 6, 10, -0.430176, 0.111328, 0.82373
3372, 0.00503361, -12, -34, -79, -28, -0.430176, 0.111328, 0.82373
3373, 0.00493171, -12, -34, -79, -28, -0.430176, 0.111328, 0.82373
3374, 0.00513917, -12, -34, -79, -28, -0.556152, 0.193848, 0.875
3375, 0.00496983, 23, -7, 14, 14, -0.556152, 0.193848, 0.875
3376, 0.00496323, 23, -7, 14, 14, -0.556152, 0.193848, 0.875
3377, 0.00502151, 13, 71, 62, 24, -0.556152, 0.193848, 0.875
3378, 0.00497313, 11, -34, -93, -17, -0.47998, 0.344727, 0.976562
3379, 0.00499586, 11, -34, -93, -17, -0.47998, 0.344727, 0.976562
3380, 0.00495077, 11, -34, -93, -17, -0.47998, 0.344727, 0.976562
3381, 0.00510582, 18, 22, 46, 13, -0.47998, 0.344727, 0.976562
3382, 0.00495334, 18, 22, 46, 13, -0.106934, 0.580078, 0.973145
3383, 0.00502811, -39, 86, 79, 17, -0.106934, 0.580078, 0.973145
3384, 0.00497276, 10, 106, 28, 16, -0.106934, 0.580078, 0.973145
3385, 0.00497167, 10, 106, 28, 16, -0.106934, 0.580078, 0.973145
3386, 0.00502884, 10, 106, 28, 16, 0.484863, 0.854004, 0.852539
3387, 0.00498229, 14, -127, 15, 10, 0.484863, 0.854004, 0.852539
3388, 0.00501015, 14, -127, 15, 10, 0.484863, 0.854004, 0.852539
3389, 0.00499769, -7, -122, 42, -1, 0.484863, 0.854004, 0.852539
3390, 0.00519782, -14, -57, -55, -6, 0.789551, 0.891113, 0.660645
3391, 0.0048705, -14, -57, -55, -6, 0.789551, 0.891113, 0.660645
3392, 0.0049614, -14, -57, -55, -6, 0.789551, 0.891113, 0.660645
3393, 0.00499622, 83, 119, -26, 1, 0.980469, 1.33203, 0.337891
3394, 0.00500649, 83, 119, -26, 1, 0.980469, 1.33203, 0.337891
3395, 0.0049724, -61, -77, 39, 11, 0.980469, 1.33203, 0.337891
3396, 0.00499769, -38, 26, -34, 2, 0.980469, 1.33203, 0.337891
3397, 0.00495627, -38, 26, -34, 2, 0.980469, 1.33203, 0.337891
3398, 0.00548298, -38, 26, -34, 2, 0.628906, 1.08057, -0.300293
3399, 0.00459084, -24, -73, 35, 7, 0.628906, 1.08057, -0.300293
3400, 0.00499622, -24, -73, 35, 7, 0.628906, 1.08057, -0.300293
3401, 0.004876, -94, 18, -34, -13, 0.628906, 1.08057, -0.300293
3402, 0.00512927, -10, -32, -13, -7, 0.39209, -0.00537109, -0.347656
3403, 0.00499219, -10, -32, -13, -7, 0.39209, -0.00537109, -0.347656
3404, 0.00500722, -10, -32, -13, -7, 0.39209, -0.00537109, -0.347656
3405, 0.00502005, 25, -15, 37, 3, -0.166016, -2.07031, 0.585449
3406, 0.00557425, 25, -15, 37, 3, -0.166016, -2.07031, 0.585449
3407, 0.00445265, 38, -85, -2, -11, -0.166016, -2.07031, 0.585449
3408, 0.00492731, 12, 68, -27, -4, -0.166016, -2.07031, 0.585449
3409, 0.00492182, 12, 68, -27, -4, -0.166016, -2.07031, 0.585449
3410, 0.00499402, 12, 68, -27, -4, -0.515625, -2.62305, 0.950684
3411, 0.00516593, -3, -117, 5, 9, -0.515625, -2.62305, 0.950684
3412, 0.00498633, -3, -117, 5, 9, -0.515625, -2.62305, 0.950684
3413, 0.00484668, 48, -93, 6, 0, -0.515625, -2.62305, 0.950684
3414, 0.00504314, 0, 21, -8, -4, -0.384766, -1.32764, 0.441406
3415, 0.00509665, 0, 21, -8, -4, -0.384766, -1.32764, 0.441406
3416, 0.00495077, 0, 21, -8, -4, -0.384766, -1.32764, 0.441406
3417, 0.00494747, 14, -4, 24, 15, -0.384766, -1.32764, 0.441406
3418, 0.00497093, 14, -4, 24, 15, -0.384766, -1.32764, 0.441406
3419, 0.0054269, -22, 41, 11, 4, -0.212402, 0.121582, 0.268066
3420, 0.00458534, -2, -5, -5, -13, -0.212402, 0.121582, 0.268066
3421, 0.00508053, -2, -5, -5, -13, -0.212402, 0.121582, 0.268066
3422, 0.004979, -2, -5, -5, -13, -0.219238, 0.404297, 0.343262
3423, 0.00494747, 113, 4, 15, 4, -0.219238, 0.404297, 0.343262
3424, 0.00503508, 113, 4, 15, 4, -0.219238, 0.404297, 0.343262
3425, 0.00495664, -32, 3, 5, -7, -0.219238, 0.404297, 0.343262
3426, 0.0051377, 23, 9, 17, 9, -0.312012, -0.431152, 0.577148
3427, 0.00494821, 23, 9, 17, 9, -0.312012, -0.431152, 0.577148
3428, 0.00497826, 23, 9, 17, 9, -0.312012, -0.431152, 0.577148
3429, 0.00500209, -16, 2, -25, 0, -0.312012, -0.431152, 0.577148
3430, 0.00495187, -16, 2, -25, 0, -0.312012, -0.431152, 0.577148
3431, 0.00506293, -58, 7, 24, 8, -0.473145, -0.978027, 0.691406
3432, 0.00499549, -2, -12, -4, -5, -0.473145, -0.978027, 0.691406
3433, 0.00501235, -2, -12, -4, -5, -0.473145, -0.978027, 0.691406
3434, 0.00496947, -2, -12, -4, -5, -0.500488, -0.968262, 0.749023
3435, 0.00500905, -9, 2, -8, 2, -0.500488, -0.968262, 0.749023
3436, 0.00502958, -9, 2, -8, 2, -0.500488, -0.968262, 0.749023
3437, 0.00499329, -2, -7, 7, 3, -0.500488, -0.968262, 0.749023
3438, 0.00499109, 39, 1, 18, -4, -0.437988, -0.746094, 0.682129
3439, 0.00498119, 39, 1, 18, -4, -0.437988, -0.746094, 0.682129
3440, 0.0049625, 39, 1, 18, -4, -0.437988, -0.746094, 0.682129
3441, 0.00513111, -9, -4, -3, -1, -0.437988, -0.746094, 0.682129
3442, 0.00493098, -9, -4, -3, -1, -0.437988, -0.746094, 0.682129
3443, 0.00500319, -40, -2, 3, -3, -0.404785, -0.626953, 0.662598
3444, 0.00499219, -7, -9, 27, 5, -0.404785, -0.626953, 0.662598
3445, 0.00501088, -7, -9, 27, 5, -0.404785, -0.626953, 0.662598
3446, 0.00496727, -7, -9, 27, 5, -0.407227, -0.675781, 0.679688
3447, 0.0049548, -21, 2, -5, -3, -0.407227, -0.675781, 0.679688
3448, 0.00512598, -21, 2, -5, -3, -0.407227, -0.675781, 0.679688
3449, 0.00493758, 4, -4, 8, -3, -0.407227, -0.675781, 0.679688
3450, 0.00501162, 9, 0, -28, -7, -0.437012, -0.673828, 0.763184
3451, 0.00502115, 9, 0, -28, -7, -0.437012, -0.673828, 0.763184
3452, 0.00494637, 9, 0, -28, -7, -0.437012, -0.673828, 0.763184
3453, 0.00500319, 9, 0, -28, -7, -0.437012, -0.673828, 0.763184
3454, 0.00503141, 9, 0, -28, -7, -0.437012, -0.673828, 0.763184
3455, 0.00497973, 6, 3, 10, -6, -0.471191, -0.678711, 0.799316
3456, 0.00498889, 37, 0, 19, 1, -0.471191, -0.678711, 0.799316
3457, 0.00495774, 37, 0, 19, 1, -0.471191, -0.678711, 0.799316
3458, 0.00511571, 37, 0, 19, 1, -0.432617, -0.600098, 0.798828
3459, 0.00492621, -5, -4, -9, -6, -0.432617, -0.600098, 0.798828
3460, 0.00506073, -5, -4, -9, -6, -0.432617, -0.600098, 0.798828
3461, 0.00495444, -5, 0, 2, 3, -0.432617, -0.600098, 0.798828
3462, 0.00500392, 18, 0, 6, 0, -0.458496, -0.620117, 0.804199
3463, 0.0049603, 18, 0, 6, 0, -0.458496, -0.620117, 0.804199
3464, 0.0050721, 18, 0, 6, 0, -0.458496, -0.620117, 0.804199
3465, 0.0050468, 12, -2, -3, -2, -0.458496, -0.620117, 0.804199
3466, 0.00484155, 12, -2, -3, -2, -0.458496, -0.620117, 0.804199
3467, 0.00507613, 6, 0, 1, 1, -0.447266, -0.625488, 0.824707
3468, 0.00504131, -22, -7, -3, 3, -0.447266, -0.625488, 0.824707
3469, 0.00500355, -22, -7, -3, 3, -0.447266, -0.625488, 0.824707
3470, 0.00503874, -22, -7, -3, 3, -0.438965, -0.591797, 0.863281
3471, 0.00491705, -25, 0, -10, -3, -0.438965, -0.591797, 0.863281
3472, 0.00506403, -25, 0, -10, -3, -0.438965, -0.591797, 0.863281
3473, 0.004876, 30, -3, -5, 1, -0.438965, -0.591797, 0.863281
3474, 0.00511315, 33, -3, 3, -13, -0.421875, -0.529785, 0.878906
3475, 0.00492658, 33, -3, 3, -13, -0.421875, -0.529785, 0.878906
3476, 0.00502188, 33, -3, 3, -13, -0.421875, -0.529785, 0.878906
3477, 0.00508529, 33, -3, 3, -13, -0.421875, -0.529785, 0.878906
3478, 0.00491192, 33, -3, 3, -13, -0.421875, -0.529785, 0.878906
3479, 0.00500869, -11, 1, -44, -10, -0.431152, -0.476562, 0.89209
3480, 0.00496287, -20, 3, -34, -15, -0.431152, -0.476562, 0.89209
3481, 0.0050578, -20, 3, -34, -15, -0.431152, -0.476562, 0.89209
3482, 0.00497167, -20, 3, -34, -15, -0.412598, -0.424805, 0.885254
3483, 0.00502408, 0, 1, -27, -10, -0.412598, -0.424805, 0.885254
3484, 0.00499659, 0, 1, -27, -10, -0.412598, -0.424805, 0.885254
3485, 0.00498339, -7, 1, -9, -6, -0.412598, -0.424805, 0.885254
3486, 0.00509225, 19, 0, 7, -1, -0.40625, -0.418457, 0.896973
3487, 0.00490092, 19, 0, 7, -1, -0.40625, -0.418457, 0.896973
3488, 0.00498083, 19, 0, 7, -1, -0.40625, -0.418457, 0.896973
3489, 0.00506, 22, 2, -4, -8, -0.40625, -0.418457, 0.896973
3490, 0.00489726, 22, 2, -4, -8, -0.40625, -0.418457, 0.896973
3491, 0.00512011, 18, 3, 25, 15, -0.421387, -0.437988, 0.932129
3492, 0.00495334, 8, 0, -3, -5, -0.421387, -0.437988, 0.932129
3493, 0.00502591, 8, 0, -3, -5, -0.421387, -0.437988, 0.932129
3494, 0.00496763, 8, 0, -3, -5, -0.40625, -0.433594, 0.928711
3495, 0.00500905, -26, -1, -7, 2, -0.40625, -0.433594, 0.928711
3496, 0.00563143, -26, -1, -7, 2, -0.40625, -0.433594, 0.928711
3497, 0.00429908, 11, 4, -18, -3, -0.40625, -0.433594, 0.928711
3498, 0.00512524, -21, -4, 19, 5, -0.390625, -0.375488, 0.90625
3499, 0.00493061, -21, -4, 19, 5, -0.390625, -0.375488, 0.90625
3500, 0.00501895, -21, -4, 19, 5, -0.390625, -0.375488, 0.90625
3501, 0.00497826, -2, -1, 6, -3, -0.390625, -0.375488, 0.90625
3502, 0.00503178, -2, -1, 6, -3, -0.390625, -0.375488, 0.90625
3503, 0.00496323, -12, 1, -48, -8, -0.39209, -0.368652, 0.897949
3504, 0.00505304, -43, 4, 24, 4, -0.39209, -0.368652, 0.897949
3505, 0.00494747, -43, 4, 24, 4, -0.39209, -0.368652, 0.897949
3506, 0.0057029, -43, 4, 24, 4, -0.398438, -0.393555, 0.911133
3507, 0.00437898, 5, -5, 10, -1, -0.398438, -0.393555, 0.911133
3508, 0.00493904, 5, -5, 10, -1, -0.398438, -0.393555, 0.911133
3509, 0.00501602, -18, -2, 19, 5, -0.398438, -0.393555, 0.911133
3510, 0.00524033, 28, -2, -6, 2, -0.392578, -0.393066, 0.923828
3511, 0.00477594, 28, -2, -6, 2, -0.392578, -0.393066, 0.923828
3512, 0.00495737, 28, -2, -6, 2, -0.392578, -0.393066, 0.923828
3513, 0.00489029, 8, -1, 7, -3, -0.392578, -0.393066, 0.923828
3514, 0.00517912, 8, -1, 7, -3, -0.392578, -0.393066, 0.923828
3515, 0.00491632, -36, -1, -3, -2, -0.393066, -0.375977, 0.907227
3516, 0.00503361, -1, -1, 19, 5, -0.393066, -0.375977, 0.907227
3517, 0.00504534, -1, -1, 19, 5, -0.393066, -0.375977, 0.907227
3518, 0.00491888, -1, -1, 19, 5, -0.392578, -0.358398, 0.890625
3519, 0.00501712, -11, -3, 5, 7, -0.392578, -0.358398, 0.890625
3520, 0.00501088, -11, -3, 5, 7, -0.392578, -0.358398, 0.890625
3521, 0.00498559, -1, 2, -26, -2, -0.392578, -0.358398, 0.890625
3522, 0.00500649, 86, 1, -3, 1, -0.387695, -0.367188, 0.87793
3523, 0.00491412, 86, 1, -3, 1, -0.387695, -0.367188, 0.87793
3524, 0.0051619, 86, 1, -3, 1, -0.387695, -0.367188, 0.87793
3525, 0.00493428, -57, -1, -44, 3, -0.387695, -0.367188, 0.87793
3526, 0.00500575, -57, -1, -44, 3, -0.387695, -0.367188, 0.87793
3527, 0.00502225, 70, 1, -28, -6, -0.406738, -0.394531, 0.885254
3528, 0.00496653, 70, 1, -28, -6, -0.406738, -0.394531, 0.885254
3529, 0.00499402, 70, 1, -28, -6, -0.406738, -0.394531, 0.885254
3530, 0.00494564, 13, -2, 2, 0, -0.405762, -0.390625, 0.877441
3531, 0.00511058, -44, 2, -1, 6, -0.405762, -0.390625, 0.877441
3532, 0.00495224, -44, 2, -1, 6, -0.405762, -0.390625, 0.877441
3533, 0.00500649, 55, -7, -8, -8, -0.405762, -0.390625, 0.877441
3534, 0.00498083, 55, -7, -8, -8, -0.396484, -0.379883, 0.856445
3535, 0.00503508, 55, -7, -8, -8, -0.396484, -0.379883, 0.856445
3536, 0.00496763, -13, -2, -6, -6, -0.396484, -0.379883, 0.856445
3537, 0.00505817, -71, -4, 24, 11, -0.396484, -0.379883, 0.856445
3538, 0.0049647, -71, -4, 24, 11, -0.396484, -0.379883, 0.856445
3539, 0.00499256, 9, -3, 4, -2, -0.399414, -0.384766, 0.835938
3540, 0.00495774, 9, -3, 4, -2, -0.399414, -0.384766, 0.835938
3541, 0.00509042, 9, -3, 4, -2, -0.399414, -0.384766, 0.835938
3542, 0.004957, 39, 3, 3, -5, -0.416504, -0.408203, 0.853516
3543, 0.00501308, 12, 1, 38, 7, -0.416504, -0.408203, 0.853516
3544, 0.00499696, 12, 1, 38, 7, -0.416504, -0.408203, 0.853516
3545, 0.00499219, -2, -2, 4, -6, -0.416504, -0.408203, 0.853516
3546, 0.00498046, -2, -2, 4, -6, -0.422363, -0.434082, 0.85791
3547, 0.00506293, -2, -2, 4, -6, -0.422363, -0.434082, 0.85791
3548, 0.00494271, -17, 0, 15, -2, -0.422363, -0.434082, 0.85791
3549, 0.00500172, 4, -1, -20, -3, -0.422363, -0.434082, 0.85791
3550, 0.0050545, 4, -1, -20, -3, -0.422363, -0.434082, 0.85791
3551, 0.00493428, -17, -4, 6, -4, -0.411621, -0.429688, 0.848633
3552, 0.00501968, -17, -4, 6, -4, -0.411621, -0.429688, 0.848633
3553, 0.00497386, -17, -4, 6, -4, -0.411621, -0.429688, 0.848633
3554, 0.00500722, 16, 2, 9, -1, -0.411621, -0.42627, 0.829102
3555, 0.00501528, -37, -3, -9, -2, -0.411621, -0.42627, 0.829102
3556, 0.00556142, -37, -3, -9, -2, -0.411621, -0.42627, 0.829102
3557, 0.00438191, 42, -2, -1, -2, -0.411621, -0.42627, 0.829102
3558, 0.00511058, 42, -2, -1, -2, -0.417969, -0.437988, 0.834473
3559, 0.00494051, 42, -2, -1, -2, -0.417969, -0.437988, 0.834473
3560, 0.00503471, -12, 3, 1, -2, -0.417969, -0.437988, 0.834473
3561, 0.00503434, -21, 5, 22, 6, -0.417969, -0.437988, 0.834473
3562, 0.004979, -21, 5, 22, 6, -0.417969, -0.437988, 0.834473
3563, 0.00485657, -3, -1, 7, -1, -0.413086, -0.469727, 0.852051
3564, 0.00515603, -3, -1, 7, -1, -0.413086, -0.469727, 0.852051
3565, 0.00499109, -3, -1, 7, -1, -0.413086, -0.469727, 0.852051
3566, 0.0049647, 10, 1, -13, -9, -0.423828, -0.458496, 0.862793
3567, 0.00500759, -7, 0, 15, 7, -0.423828, -0.458496, 0.862793
3568, 0.00498339, -7, 0, 15, 7, -0.423828, -0.458496, 0.862793
3569, 0.00497203, -2, -3, -6, -4, -0.423828, -0.458496, 0.862793
3570, 0.00506, -2, -3, -6, -4, -0.408691, -0.450195, 0.846191
3571, 0.00496947, -2, -3, -6, -4, -0.408691, -0.450195, 0.846191
3572, 0.00527955, 35, -4, 3, -2, -0.408691, -0.450195, 0.846191
3573, 0.00463629, -1, -6, 7, 3, -0.408691, -0.450195, 0.846191
3574, 0.00528762, -1, -6, 7, 3, -0.408691, -0.450195, 0.846191
3575, 0.0047961, -4, 2, -5, -1, -0.407227, -0.460449, 0.844727
3576, 0.00558524, -4, 2, -5, -1, -0.407227, -0.460449, 0.844727
3577, 0.00443946, -4, 2, -5, -1, -0.407227, -0.460449, 0.844727
3578, 0.004968, 14, 0, -13, -8, -0.404297, -0.45752, 0.851074
3579, 0.00501052, -16, 0, -12, -1, -0.404297, -0.45752, 0.851074
3580, 0.00492512, -16, 0, -12, -1, -0.404297, -0.45752, 0.851074
3581, 0.00516593, -10, 0, -25, -3, -0.404297, -0.45752, 0.851074
3582, 0.00491339, -10, 0, -25, -3, -0.407715, -0.459961, 0.87207
3583, 0.00504314, -10, 0, -25, -3, -0.407715, -0.459961, 0.87207
3584, 0.0049559, -14, 0, -22, -5, -0.407715, -0.459961, 0.87207
3585, 0.00499256, -4, -3, 14, 7, -0.407715, -0.459961, 0.87207
3586, 0.00500172, -4, -3, 14, 7, -0.407715, -0.459961, 0.87207
3587, 0.00495151, -14, 3, 1, -11, -0.411621, -0.484863, 0.88623
3588, 0.00507796, -14, 3, 1, -11, -0.411621, -0.484863, 0.88623
3589, 0.00500502, -14, 3, 1, -11, -0.411621, -0.484863, 0.88623
3590, 0.0049559, -2, -1, 1, 4, -0.408691, -0.466309, 0.86377
3591, 0.0050556, -3, 0, 14, 3, -0.408691, -0.466309, 0.86377
3592, 0.00495407, -3, 0, 14, 3, -0.408691, -0.466309, 0.86377
3593, 0.00489616, -12, -1, -9, -5, -0.408691, -0.466309, 0.86377
3594, 0.00509629, -12, -1, -9, -5, -0.388184, -0.419434, 0.855469
3595, 0.0050534, -12, -1, -9, -5, -0.388184, -0.419434, 0.855469
3596, 0.00494564, 2, -6, -17, -2, -0.388184, -0.419434, 0.855469
3597, 0.00495994, -12, 1, 6, -1, -0.388184, -0.419434, 0.855469
3598, 0.00509555, -12, 1, 6, -1, -0.388184, -0.419434, 0.855469
3599, 0.00494931, 0, -1, 21, 2, -0.393555, -0.429688, 0.869141
3600, 0.00501638, 0, -1, 21, 2, -0.393555, -0.429688, 0.869141
3601, 0.00496177, 0, -1, 21, 2, -0.393555, -0.429688, 0.869141
3602, 0.00500832, -19, -1, -12, -4, -0.395508, -0.449707, 0.869629
3603, 0.00498486, 37, 1, 17, 9, -0.395508, -0.449707, 0.869629
3604, 0.0050589, 37, 1, 17, 9, -0.395508, -0.449707, 0.869629
3605, 0.00495737, -5, -2, -7, -2, -0.395508, -0.449707, 0.869629
3606, 0.00501308, -5, -2, -7, -2, -0.396973, -0.458008, 0.883789
3607, 0.0049691, -5, -2, -7, -2, -0.396973, -0.458008, 0.883789
3608, 0.00502811, 4, 0, -41, -6, -0.396973, -0.458008, 0.883789
3609, 0.00500429, 2, 0, 11, 2, -0.396973, -0.458008, 0.883789
3610, 0.00505194, 2, 0, 11, 2, -0.396973, -0.458008, 0.883789
3611, 0.00495114, -16, 1, 13, 0, -0.402832, -0.463867, 0.880371
3612, 0.00499476, -16, 1, 13, 0, -0.402832, -0.463867, 0.880371
3613, 0.00497386, -16, 1, 13, 0, -0.402832, -0.463867, 0.880371
3614, 0.00509409, -10, -3, -8, -3, -0.390137, -0.42627, 0.869629
3615, 0.00493868, 14, -3, 4, 0, -0.390137, -0.42627, 0.869629
3616, 0.00500942, 14, -3, 4, 0, -0.390137, -0.42627, 0.869629
3617, 0.00510325, 1, 0, -14, 2, -0.390137, -0.42627, 0.869629
3618, 0.00488516, 1, 0, -14, 2, -0.382324, -0.406738, 0.864746
3619, 0.00499182, 1, 0, -14, 2, -0.382324, -0.406738, 0.864746
3620, 0.00542543, 10, -2, -2, 1, -0.382324, -0.406738, 0.864746
3621, 0.0045912, 30, 2, 9, 0, -0.382324, -0.406738, 0.864746
3622, 0.00532794, 30, 2, 9, 0, -0.382324, -0.406738, 0.864746
3623, 0.00475211, -42, 0, -39, -2, -0.39502, -0.414062, 0.869141
3624, 0.0055222, -42, 0, -39, -2, -0.39502, -0.414062, 0.869141
3625, 0.0043372, -42, 0, -39, -2, -0.39502, -0.414062, 0.869141
3626, 0.00515127, -13, 2, 12, 0, -0.401367, -0.422852, 0.887207
3627, 0.00493281, 0, -1, 3, 6, -0.401367, -0.422852, 0.887207
3628, 0.00498926, 0, -1, 3, 6, -0.401367, -0.422852, 0.887207
3629, 0.00501272, 2, -2, -7, -3, -0.401367, -0.422852, 0.887207
3630, 0.0049801, 2, -2, -7, -3, -0.395508, -0.426758, 0.87793
3631, 0.00503288, 2, -2, -7, -3, -0.395508, -0.426758, 0.87793
3632, 0.00495187, 5, 2, 9, -2, -0.395508, -0.426758, 0.87793
3633, 0.00501125, -21, 0, 11, 0, -0.395508, -0.426758, 0.87793
3634, 0.0049801, -21, 0, 11, 0, -0.395508, -0.426758, 0.87793
3635, 0.00501052, -1, 0, -9, -3, -0.39502, -0.413574, 0.875
3636, 0.00499916, -1, 0, -9, -3, -0.39502, -0.413574, 0.875
3637, 0.00505414, -1, 0, -9, -3, -0.39502, -0.413574, 0.875
3638, 0.00493611, 16, -4, -17, 2, -0.389648, -0.411133, 0.88623
3639, 0.00503434, -25, -6, 6, 0, -0.389648, -0.411133, 0.88623
3640, 0.00495187, -25, -6, 6, 0, -0.389648, -0.411133, 0.88623
3641, 0.00507833, -20, 2, -19, -5, -0.389648, -0.411133, 0.88623
3642, 0.0049702, -20, 2, -19, -5, -0.400879, -0.424805, 0.879395
3643, 0.00499879, -20, 2, -19, -5, -0.400879, -0.424805, 0.879395
3644, 0.00498413, 0, 2, 14, 2, -0.400879, -0.424805, 0.879395
3645, 0.00498523, 10, -2, -1, -7, -0.400879, -0.424805, 0.879395
3646, 0.00501308, 10, -2, -1, -7, -0.400879, -0.424805, 0.879395
3647, 0.00499916, 8, 1, 12, -1, -0.402344, -0.426758, 0.884766
3648, 0.00499622, 8, 1, 12, -1, -0.402344, -0.426758, 0.884766
3649, 0.00501125, 8, 1, 12, -1, -0.402344, -0.426758, 0.884766
3650, 0.00499806, 9, 5, -7, -1, -0.387695, -0.40625, 0.867676
3651, 0.00498669, 0, -1, -5, -2, -0.387695, -0.40625, 0.867676
3652, 0.00501052, 0, -1, -5, -2, -0.387695, -0.40625, 0.867676
3653, 0.00506257, 2, -3, 3, 0, -0.387695, -0.40625, 0.867676
3654, 0.00493355, 2, -3, 3, 0, -0.389648, -0.399414, 0.867676
3655, 0.00500759, 2, -3, 3, 0, -0.389648, -0.399414, 0.867676
3656, 0.00555995, 9, 1, -4, -4, -0.389648, -0.399414, 0.867676
3657, 0.00439181, -17, -3, 6, 1, -0.389648, -0.399414, 0.867676
3658, 0.00506476, -17, -3, 6, 1, -0.389648, -0.399414, 0.867676
3659, 0.00496287, 9, -2, -1, -2, -0.396973, -0.415039, 0.853516
3660, 0.0050534, 9, -2, -1, -2, -0.396973, -0.415039, 0.853516
3661, 0.00495737, 9, -2, -1, -2, -0.396973, -0.415039, 0.853516
3662, 0.00490166, 2, 0, -19, 2, -0.410156, -0.458984, 0.881348
3663, 0.00503691, -37, 2, -15, -4, -0.410156, -0.458984, 0.881348
3664, 0.00523814, -37, 2, -15, -4, -0.410156, -0.458984, 0.881348
3665, 0.00489359, 12, -1, 11, 0, -0.410156, -0.458984, 0.881348
3666, 0.00497276, 12, -1, 11, 0, -0.407227, -0.441895, 0.878906
3667, 0.00501858, 12, -1, 11, 0, -0.407227, -0.441895, 0.878906
3668, 0.00496397, 3, 2, -4, -10, -0.407227, -0.441895, 0.878906
3669, 0.00503801, 43, -2, 24, 17, -0.407227, -0.441895, 0.878906
3670, 0.00500392, 43, -2, 24, 17, -0.407227, -0.441895, 0.878906
3671, 0.00494491, -9, 1, 5, -1, -0.410156, -0.410156, 0.852051
3672, 0.00498046, -9, 1, 5, -1, -0.410156, -0.410156, 0.852051
3673, 0.00491778, -9, 1, 5, -1, -0.410156, -0.410156, 0.852051
3674, 0.00515163, -5, -1, -5, -8, -0.399902, -0.400391, 0.824707
3675, 0.00493355, 12, -2, 10, -1, -0.399902, -0.400391, 0.824707
3676, 0.00565965, 12, -2, 10, -1, -0.399902, -0.400391, 0.824707
3677, 0.00435992, -2, -3, -7, -6, -0.399902, -0.400391, 0.824707
3678, 0.00522934, -2, -3, -7, -6, -0.399902, -0.400391, 0.824707
3679, 0.00475504, -2, -3, -7, -6, -0.399902, -0.400391, 0.824707
3680, 0.00493501, -34, -7, -4, 7, -0.394531, -0.402832, 0.833984
3681, 0.00511058, -8, -1, -10, -7, -0.394531, -0.402832, 0.833984
3682, 0.00498926, -8, -1, -10, -7, -0.394531, -0.402832, 0.833984
3683, 0.00498339, 10, -1, -2, 2, -0.402344, -0.418457, 0.839355
3684, 0.00499549, 10, -1, -2, 2, -0.402344, -0.418457, 0.839355
3685, 0.00499366, 10, -1, -2, 2, -0.402344, -0.418457, 0.839355
3686, 0.00500905, -17, -1, 4, -11, -0.402344, -0.418457, 0.839355
3687, 0.00503104, 10, -1, 3, -2, -0.40625, -0.425293, 0.841309
3688, 0.00495627, 10, -1, 3, -2, -0.40625, -0.425293, 0.841309
3689, 0.00498963, 4, -1, 19, 5, -0.40625, -0.425293, 0.841309
3690, 0.0049669, 4, -1, 19, 5, -0.414062, -0.403809, 0.821777
3691, 0.0050721, 4, -1, 19, 5, -0.414062, -0.403809, 0.821777
3692, 0.00498229, 1, 0, 0, -1, -0.414062, -0.403809, 0.821777
3693, 0.00504974, 8, -2, 7, 4, -0.414062, -0.403809, 0.821777
3694, 0.00494088, 8, -2, 7, 4, -0.414062, -0.403809, 0.821777
3695, 0.00499109, 3, -3, -31, -12, -0.416992, -0.395508, 0.851562
3696, 0.00502151, 3, -3, -31, -12, -0.416992, -0.395508, 0.851562
3697, 0.00494014, 3, -3, -31, -12, -0.416992, -0.395508, 0.851562
3698, 0.00510802, -4, 0, 8, 5, -0.416992, -0.395508, 0.851562
3699, 0.00497863, 1, 0, 15, 8, -0.42627, -0.427246, 0.868164
3700, 0.0052363, -21, 0, 10, 0, -0.42627, -0.427246, 0.868164
3701, 0.00471472, -12, 0, -2, -1, -0.42627, -0.427246, 0.868164
3702, 0.00503691, -12, 0, -2, -1, -0.436035, -0.413086, 0.846191
3703, 0.00497826, -12, 0, -2, -1, -0.436035, -0.413086, 0.846191
3704, 0.00501858, -1, -6, 9, 1, -0.436035, -0.413086, 0.846191
3705, 0.00495261, -2, 4, -14, 2, -0.436035, -0.413086, 0.846191
3706, 0.00502408, -2, 4, -14, 2, -0.436035, -0.413086, 0.846191
3707, 0.00504094, 8, -1, -6, -2, -0.446289, -0.400879, 0.852051
3708, 0.00497716, 8, -1, -6, -2, -0.446289, -0.400879, 0.852051
3709, 0.00497606, 8, -1, -6, -2, -0.446289, -0.400879, 0.852051
3710, 0.00500172, 0, -5, -6, 0, -0.446289, -0.400879, 0.852051
3711, 0.00501088, 13, -1, 17, 6, -0.452637, -0.394531, 0.873047
3712, 0.00500282, 13, -1, 17, 6, -0.452637, -0.394531, 0.873047
3713, 0.00487197, -8, -4, -38, -13, -0.452637, -0.394531, 0.873047
3714, 0.00519965, -8, -4, -38, -13, -0.442871, -0.380371, 0.875488
3715, 0.00491229, -8, -4, -38, -13, -0.442871, -0.380371, 0.875488
3716, 0.0055977, 7, -6, -2, 6, -0.442871, -0.380371, 0.875488
3717, 0.00443836, 7, 0, 17, 3, -0.442871, -0.380371, 0.875488
3718, 0.00498156, 7, 0, 17, 3, -0.442871, -0.380371, 0.875488
3719, 0.00499036, 7, 0, 17, 3, -0.464355, -0.38623, 0.884277
3720, 0.00508456, 10, 2, -1, 0, -0.464355, -0.38623, 0.884277
3721, 0.00490935, 10, 2, -1, 0, -0.464355, -0.38623, 0.884277
3722, 0.00544119, -1, 1, 0, -2, -0.464355, -0.38623, 0.884277
3723, 0.00445375, -5, 6, 15, 9, -0.47998, -0.380859, 0.869141
3724, 0.00520221, -5, 6, 15, 9, -0.47998, -0.380859, 0.869141
3725, 0.00494637, -5, 6, 15, 9, -0.47998, -0.380859, 0.869141
3726, 0.00496763, 25, -7, -11, -5, -0.461426, -0.365723, 0.873047
3727, 0.00499256, 25, -7, -11, -5, -0.461426, -0.365723, 0.873047
3728, 0.00531291, -5, -4, -3, 0, -0.461426, -0.365723, 0.873047
3729, 0.00474735, -8, 4, 0, 2, -0.461426, -0.365723, 0.873047
3730, 0.00498523, -8, 4, 0, 2, -0.461426, -0.365723, 0.873047
3731, 0.00499476, -8, 4, 0, 2, -0.466797, -0.35791, 0.87793
3732, 0.00502078, -1, 0, -16, -5, -0.466797, -0.35791, 0.87793
3733, 0.00493355, -1, 0, -16, -5, -0.466797, -0.35791, 0.87793
3734, 0.0050501, -4, -3, 2, -2, -0.466797, -0.35791, 0.87793
3735, 0.00501455, -1, 5, -4, -8, -0.468262, -0.369629, 0.905273
3736, 0.00554566, -1, 5, -4, -8, -0.468262, -0.369629, 0.905273
3737, 0.00440537, -1, 5, -4, -8, -0.468262, -0.369629, 0.905273
3738, 0.00500282, -7, -3, 0, 3, -0.483887, -0.36377, 0.883301
3739, 0.00496397, -7, -3, 0, 3, -0.483887, -0.36377, 0.883301
3740, 0.00542214, 3, -6, -2, -5, -0.483887, -0.36377, 0.883301
3741, 0.00455418, 0, 3, 8, -1, -0.483887, -0.36377, 0.883301
3742, 0.00563656, 0, 3, 8, -1, -0.483887, -0.36377, 0.883301
3743, 0.00436762, 0, 3, 8, -1, -0.483887, -0.353516, 0.876953
3744, 0.00503691, 3, 0, 0, 0, -0.483887, -0.353516, 0.876953
3745, 0.0049603, 3, 0, 0, 0, -0.483887, -0.353516, 0.876953
3746, 0.00498486, 3, 0, 0, 0, -0.483887, -0.353516, 0.876953
3747, 0.00499732, -7, -6, -10, 1, -0.483887, -0.353516, 0.876953
3748, 0.00500062, -7, -7, -17, -1, -0.467773, -0.328125, 0.864258
3749, 0.00511278, -7, -7, -17, -1, -0.467773, -0.328125, 0.864258
3750, 0.0049768, -1, -3, 7, 2, -0.478027, -0.316406, 0.885742
3751, 0.00491449, -1, -3, 7, 2, -0.478027, -0.316406, 0.885742
3752, 0.00501492, 3, -10, 0, -8, -0.478027, -0.316406, 0.885742
3753, 0.00513624, -6, -4, 6, 4, -0.478027, -0.316406, 0.885742
3754, 0.00491302, -6, -4, 6, 4, -0.478027, -0.316406, 0.885742
3755, 0.00497313, -6, -4, 6, 4, -0.478027, -0.344238, 0.856445
3756, 0.00559111, -2, 3, 0, -2, -0.478027, -0.344238, 0.856445
3757, 0.00437275, -2, 3, 0, -2, -0.478027, -0.344238, 0.856445
3758, 0.00521248, 0, 2, 2, -2, -0.478027, -0.344238, 0.856445
3759, 0.00490166, 2, 2, 8, 7, -0.458984, -0.344238, 0.853516
3760, 0.00500649, 2, 2, 8, 7, -0.458984, -0.344238, 0.853516
3761, 0.00493904, 2, 2, 8, 7, -0.458984, -0.344238, 0.853516
3762, 0.00503434, -1, 0, -4, -6, -0.463379, -0.313477, 0.839355
3763, 0.00491778, -1, 0, -4, -6, -0.463379, -0.313477, 0.839355
3764, 0.00511058, -1, 0, 1, 0, -0.463379, -0.313477, 0.839355
3765, 0.00498816, -2, 32, 3, 0, -0.463379, -0.313477, 0.839355
3766, 0.00500502, -2, 32, 3, 0, -0.463379, -0.313477, 0.839355
3767, 0.00506293, -2, 32, 3, 0, -0.500977, -0.293945, 0.862793
3768, 0.00488003, 0, 19, -4, -4, -0.500977, -0.293945, 0.862793
3769, 0.00504644, 0, 19, -4, -4, -0.500977, -0.293945, 0.862793
3770, 0.00500905, 0, -17, 7, 5, -0.500977, -0.293945, 0.862793
3771, 0.00499219, -2, -50, 0, -4, -0.494629, -0.290039, 0.895508
3772, 0.00491522, -2, -50, 0, -4, -0.494629, -0.290039, 0.895508
3773, 0.00494454, -2, -50, 0, -4, -0.494629, -0.290039, 0.895508
3774, 0.00516519, -2, 13, -1, 0, -0.480957, -0.297363, 0.89209
3775, 0.00494711, -2, 13, -1, 0, -0.480957, -0.297363, 0.89209
3776, 0.00499476, -1, -21, 3, 6, -0.480957, -0.297363, 0.89209
3777, 0.00503178, -3, 1, -10, -6, -0.480957, -0.297363, 0.89209
3778, 0.00493904, -3, 1, -10, -6, -0.480957, -0.297363, 0.89209
3779, 0.00499036, -3, 1, -10, -6, -0.503906, -0.294922, 0.881836
3780, 0.0049779, 6, 47, 3, -2, -0.503906, -0.294922, 0.881836
3781, 0.00510875, 6, 47, 3, -2, -0.503906, -0.294922, 0.881836
3782, 0.00490422, 0, -44, 1, -1, -0.503906, -0.294922, 0.881836
3783, 0.00508309, -1, 31, 3, 0, -0.498535, -0.28125, 0.85498
3784, 0.00491522, -1, 31, 3, 0, -0.498535, -0.28125, 0.85498
3785, 0.00531474, -1, 31, 3, 0, -0.498535, -0.28125, 0.85498
3786, 0.00466964, -1, 19, 2, -1, -0.476074, -0.258789, 0.850098
3787, 0.00501162, -1, 19, 2, -1, -0.476074, -0.258789, 0.850098
3788, 0.00501895, 0, 50, -1, -3, -0.476074, -0.258789, 0.850098
3789, 0.00501052, 0, 50, -1, -3, -0.476074, -0.258789, 0.850098
3790, 0.00549874, -1, 10, -3, 0, -0.476074, -0.258789, 0.850098
3791, 0.00449297, -1, 10, -3, 0, -0.456055, -0.252441, 0.818359
3792, 0.00499842, -9, -60, -35, -7, -0.456055, -0.252441, 0.818359
3793, 0.004979, -9, -60, -35, -7, -0.456055, -0.252441, 0.818359
3794, 0.00503324, -1, -4, -3, -5, -0.456055, -0.252441, 0.818359
3795, 0.00497716, 3, -30, 7, 0, -0.480957, -0.251465, 0.829102
3796, 0.00503544, 3, -30, 7, 0, -0.480957, -0.251465, 0.829102
3797, 0.00518572, 3, -30, 7, 0, -0.480957, -0.251465, 0.829102
3798, 0.00492548, 1, 5, 0, 2, -0.480957, -0.251465, 0.829102
3799, 0.00494564, 1, 5, 0, 2, -0.480957, -0.251465, 0.829102
3800, 0.00495151, -1, 10, 2, -1, -0.503906, -0.266602, 0.824219
3801, 0.00500649, -1, -11, 4, 0, -0.503906, -0.266602, 0.824219
3802, 0.00498926, -1, -11, 4, 0, -0.503906, -0.266602, 0.824219
3803, 0.00496177, -1, -11, 4, 0, -0.501953, -0.265137, 0.887695
3804, 0.00501052, 1, 6, 4, -1, -0.501953, -0.265137, 0.887695
3805, 0.00503764, 1, 6, 4, -1, -0.501953, -0.265137, 0.887695
3806, 0.00501125, -1, -6, -10, -8, -0.501953, -0.265137, 0.887695
3807, 0.00502371, 5, 9, 7, 8, -0.510742, -0.246582, 0.862305
3808, 0.00500062, 5, 9, 7, 8, -0.510742, -0.246582, 0.862305
3809, 0.00496287, 5, 9, 7, 8, -0.510742, -0.246582, 0.862305
3810, 0.00501345, 0, 3, 1, -3, -0.583984, -0.223633, 0.855469
3811, 0.00496873, 0, 3, 1, -3, -0.583984, -0.223633, 0.855469
3812, 0.00492988, 0, -16, 8, 4, -0.583984, -0.223633, 0.855469
3813, 0.00503251, 2, 5, 0, 2, -0.583984, -0.223633, 0.855469
3814, 0.00512891, 2, 5, 0, 2, -0.583984, -0.223633, 0.855469
3815, 0.004876, 2, 5, 0, 2, -0.557129, -0.242188, 0.835449
3816, 0.00493904, 0, 9, 9, 1, -0.557129, -0.242188, 0.835449
3817, 0.00517106, 0, 9, 9, 1, -0.557129, -0.242188, 0.835449
3818, 0.0049537, -1, 2, -4, -4, -0.557129, -0.242188, 0.835449
3819, 0.00499182, -2, 3, -10, -2, -0.524414, -0.252441, 0.882324
3820, 0.00500319, -2, 3, -10, -2, -0.524414, -0.252441, 0.882324
3821, 0.00499256, -2, 3, -10, -2, -0.524414, -0.252441, 0.882324
3822, 0.00500209, -2, 3, -10, -2, -0.524414, -0.252441, 0.882324
3823, 0.004957, 1, 9, 0, 1, -0.518555, -0.230957, 0.875488
3824, 0.00528505, 0, 10, 3, -1, -0.518555, -0.230957, 0.875488
3825, 0.00481662, 0, -8, 2, -2, -0.518555, -0.230957, 0.875488
3826, 0.00494637, 0, -8, 2, -2, -0.518555, -0.230957, 0.875488
3827, 0.00504204, 0, -8, 2, -2, -0.55957, -0.217773, 0.851074
3828, 0.0049658, -3, -11, -10, 1, -0.55957, -0.217773, 0.851074
3829, 0.005049, -3, -11, -10, 1, -0.55957, -0.217773, 0.851074
3830, 0.00490019, 0, -4, -2, 1, -0.55957, -0.217773, 0.851074
3831, 0.00511241, 0, -6, 6, -7, -0.620605, -0.207031, 0.871094
3832, 0.00488186, 0, -6, 6, -7, -0.620605, -0.207031, 0.871094
3833, 0.00503141, 0, -6, 6, -7, -0.620605, -0.207031, 0.871094
3834, 0.00502555, 0, 2, 3, 4, -0.615723, -0.224609, 0.873535
3835, 0.00494931, 0, 2, 3, 4, -0.615723, -0.224609, 0.873535
3836, 0.00503764, -2, 5, -13, -1, -0.615723, -0.224609, 0.873535
3837, 0.00502115, 0, -9, 0, 0, -0.615723, -0.224609, 0.873535
3838, 0.00498816, 0, -9, 0, 0, -0.615723, -0.224609, 0.873535
3839, 0.00502738, 0, -9, 0, 0, -0.606445, -0.234375, 0.906738
3840, 0.00499476, 0, -2, 7, 2, -0.606445, -0.234375, 0.906738
3841, 0.00504351, 0, -2, 7, 2, -0.606445, -0.234375, 0.906738
3842, 0.00491155, -3, -2, -5, -3, -0.606445, -0.234375, 0.906738
3843, 0.00503837, 0, -3, 0, -2, -0.590332, -0.211426, 0.901855
3844, 0.00497826, 0, -3, 0, -2, -0.590332, -0.211426, 0.901855
3845, 0.0050666, 0, -3, 0, -2, -0.590332, -0.211426, 0.901855
3846, 0.00494564, 0, 10, 9, 1, -0.654297, -0.170898, 0.911133
3847, 0.00503178, 0, 10, 9, 1, -0.654297, -0.170898, 0.911133
3848, 0.00497276, -2, 6, -2, -3, -0.654297, -0.170898, 0.911133
3849, 0.00498853, -4, -12, -13, -3, -0.654297, -0.170898, 0.911133
3850, 0.00500942, -4, -12, -13, -3, -0.654297, -0.170898, 0.911133
3851, 0.00507906, -4, -12, -13, -3, -0.67041, -0.17041, 0.90625
3852, 0.00489909, 1, 21, 0, -2, -0.67041, -0.17041, 0.90625
3853, 0.00501272, 1, 21, 0, -2, -0.67041, -0.17041, 0.90625
3854, 0.00505047, 1, 0, 10, 1, -0.67041, -0.17041, 0.90625
3855, 0.00494784, 0, -12, -1, 0, -0.637207, -0.179688, 0.9375
3856, 0.00572306, 0, -12, -1, 0, -0.637207, -0.179688, 0.9375
3857, 0.00421477, 0, -12, -1, 0, -0.637207, -0.179688, 0.9375
3858, 0.00511425, -8, -15, -22, -8, -0.629395, -0.162109, 0.931152
3859, 0.00494161, -8, -15, -22, -8, -0.629395, -0.162109, 0.931152
3860, 0.00508163, 0, -6, 6, 0, -0.629395, -0.162109, 0.931152
3861, 0.0049801, 4, 24, 10, 4, -0.629395, -0.162109, 0.931152
3862, 0.0051575, 4, 24, 10, 4, -0.629395, -0.162109, 0.931152
3863, 0.00470336, 4, 24, 10, 4, -0.627441, -0.13916, 0.907227
3864, 0.00517912, -1, -6, 3, 0, -0.627441, -0.13916, 0.907227
3865, 0.00492035, -1, -6, 3, 0, -0.627441, -0.13916, 0.907227
3866, 0.00528652, -4, -15, -11, -3, -0.627441, -0.13916, 0.907227
3867, 0.00469896, -4, -15, -11, -3, -0.627441, -0.13916, 0.907227
3868, 0.00507649, -4, -15, -11, -3, -0.627441, -0.13916, 0.907227
3869, 0.00495151, 0, 3, -1, -3, -0.618652, -0.124023, 0.90625
3870, 0.00498669, -1, -9, 4, 5, -0.59668, -0.106445, 0.905273
3871, 0.0049625, -1, -9, 4, 5, -0.59668, -0.106445, 0.905273
3872, 0.00521981, -5, 5, -17, -3, -0.59668, -0.106445, 0.905273
3873, 0.00470996, 3, -3, 9, -1, -0.59668, -0.106445, 0.905273
3874, 0.00514687, 3, -3, 9, -1, -0.59668, -0.106445, 0.905273
3875, 0.00490642, 3, -3, 9, -1, -0.597168, -0.0986328, 0.931641
3876, 0.00566955, 0, 6, 0, -3, -0.597168, -0.0986328, 0.931641
3877, 0.00430934, 0, 6, 0, -3, -0.597168, -0.0986328, 0.931641
3878, 0.00511901, 0, -1, -9, -2, -0.597168, -0.0986328, 0.931641
3879, 0.00493501, -1, -13, -7, -3, -0.601074, -0.078125, 0.899902
3880, 0.00493574, -1, -13, -7, -3, -0.601074, -0.078125, 0.899902
3881, 0.00517656, -1, -13, -7, -3, -0.601074, -0.078125, 0.899902
3882, 0.00489359, -1, 15, 2, 1, -0.592285, -0.0761719, 0.899902
3883, 0.00499659, -1, 15, 2, 1, -0.592285, -0.0761719, 0.899902
3884, 0.00531731, -6, -12, -7, -1, -0.592285, -0.0761719, 0.899902
3885, 0.00468027, 0, 1, -6, -3, -0.592285, -0.0761719, 0.899902
3886, 0.00547418, 0, 1, -6, -3, -0.592285, -0.0761719, 0.899902
3887, 0.00451533, 0, 1, -6, -3, -0.59082, -0.0693359, 0.898438
3888, 0.00505487, 4, -3, 20, 11, -0.59082, -0.0693359, 0.898438
3889, 0.00495151, 4, -3, 20, 11, -0.59082, -0.0693359, 0.898438
3890, 0.00527002, -1, -9, -9, -3, -0.59082, -0.0693359, 0.898438
3891, 0.00484521, -3, 10, -1, -1, -0.603027, -0.0571289, 0.92041
3892, 0.00525206, -3, 10, -1, -1, -0.603027, -0.0571289, 0.92041
3893, 0.00464948, -3, 10, -1, -1, -0.603027, -0.0571289, 0.92041
3894, 0.00499182, 1, 1, 8, 3, -0.603027, -0.0571289, 0.92041
3895, 0.00500099, 1, 1, 8, 3, -0.603027, -0.0571289, 0.92041
3896, 0.00499549, 0, 9, -2, 1, -0.617188, -0.0253906, 0.917969
3897, 0.00499842, -3, -1, -5, -1, -0.617188, -0.0253906, 0.917969
3898, 0.00501308, -3, -1, -5, -1, -0.617188, -0.0253906, 0.917969
3899, 0.00496323, -3, -1, -5, -1, -0.624023, -0.00878906, 0.907715
3900, 0.00503508, -5, -13, -6, -2, -0.624023, -0.00878906, 0.907715
3901, 0.00505047, -5, -13, -6, -2, -0.624023, -0.00878906, 0.907715
3902, 0.00493171, -1, 3, -18, -5, -0.624023, -0.00878906, 0.907715
3903, 0.00500355, 1, -6, 0, 0, -0.617676, -0.00830078, 0.895996
3904, 0.00506806, 1, -6, 0, 0, -0.617676, -0.00830078, 0.895996
3905, 0.00492731, 1, -6, 0, 0, -0.617676, -0.00830078, 0.895996
3906, 0.00502555, 0, 9, 15, 1, -0.629395, -0.0151367, 0.896484
3907, 0.00505267, 0, 9, 15, 1, -0.629395, -0.0151367, 0.896484
3908, 0.00492658, -1, 2, -3, -1, -0.629395, -0.0151367, 0.896484
3909, 0.00502848, -1, 2, -3, -1, -0.629395, -0.0151367, 0.896484
3910, 0.004979, -1, 2, -3, -1, -0.629395, -0.0151367, 0.896484
3911, 0.00504754, 1, 11, 16, 7, -0.628418, -0.0180664, 0.891602
3912, 0.00497826, 1, 6, 4, 1, -0.628418, -0.0180664, 0.891602
3913, 0.00485511, 1, 6, 4, 1, -0.628418, -0.0180664, 0.891602
3914, 0.00564939, -3, -15, -8, -4, -0.628418, -0.0180664, 0.891602
3915, 0.00446658, -3, -15, -8, -4, -0.615723, 0.00537109, 0.877441
3916, 0.00528945, -3, -15, -8, -4, -0.615723, 0.00537109, 0.877441
3917, 0.00489066, -3, -15, -8, -4, -0.615723, 0.00537109, 0.877441
